<?xml version="1.0" encoding="UTF-8" ?>
<!DOCTYPE mapper
        PUBLIC "-//mybatis.org//DTD Mapper 3.0//EN"
        "http://mybatis.org/dtd/mybatis-3-mapper.dtd">

<mapper namespace="com.icss.dao.AdminDao">
   <!-- 查询管理员信息 -->
   <select id="seladmin" resultType="Admin">
   		select *
   		from tb_admin
   		where aname=#{aname} and apassword=#{apassword}
   </select>
   
   <!-- 根据ID修改管理员信息 -->
   <update id="updateadmin">
   		update tb_admin set apassword=#{apassword} where aid=#{aid}
   </update>

    <!--添加管理员-->
    <insert id="addadmin">
        insert into tb_admin values (null,#{aname},#{apassword})
    </insert>

    <!-- 根据用户名查询管理员信息 -->
    <select id="findAdmin" resultType="Admin">
   		select *from tb_admin where aname=#{aname}
   </select>
</mapper>
