<?xml version="1.0" encoding="UTF-8" ?>
<!DOCTYPE mapper
        PUBLIC "-//mybatis.org//DTD Mapper 3.0//EN"
        "http://mybatis.org/dtd/mybatis-3-mapper.dtd">
<mapper namespace="com.icss.dao.OrderDao">

    <!-- 删除订单 -->
    <delete id="deleteOrderByOid">
        delete from tb_order where oid in(${oids})
    </delete>

    <!-- 删除订单列表 -->
    <delete id="deleteOrderListByOid">
        delete from tb_orderlist where oid in(${oids})
    </delete>

    <!-- 购物车结算 -->
    <update id="updateCartOrderByOid">
        update tb_order set ispay="是" where oid in(${oids})
    </update>

    <!-- 购物车修改商品数量 -->
    <update id="updateCartOrderListByOid">
        update tb_orderlist ol,tb_order o
        set ol.olnum=#{olnum},o.sprice=#{sprice}
        where ol.oid=o.oid
        and o.oid=#{oid};
    </update>

    <!-- 用户查询订单(购物车) -->
    <select id="findOrderByUid" resultType="OrderVoCart">
        select o.oid,g.gname,g.gimg,g.ginfo,g.gprice,ol.olnum,o.sprice
        from tb_orderlist ol,tb_order o,tb_user u,tb_goods g
        where o.uid=u.uid
        and ol.oid=o.oid
        and ol.gid=g.gid
        and u.uid=#{uid}
        and o.ispay="否"
        order by o.stime asc
    </select>

    <!-- 是否发货 -->
    <update id="updateOrderByOid">
        update tb_order set issend="是",dtime=#{dtime} where oid=#{oid}
    </update>

    <!-- 订单列表生成 -->
    <insert id="addOrderList">
        insert into tb_orderlist values(null,#{oid},#{gid},#{olnum})
    </insert>

    <!-- 订单生成 -->
    <insert id="addOrder">
        <selectKey keyProperty="oid" resultType="java.lang.Integer" order="AFTER">
            select LAST_INSERT_ID()
        </selectKey>
        insert into tb_order(onum,uid,stime,sprice,uinfo,uaddress,ispay,issend)
        values(#{onum},#{uid},#{stime},#{sprice},#{uinfo},#{uaddress},#{ispay},#{issend})
    </insert>

    <!-- 查询所有用户订单 -->
    <select id="findAllOrder" resultType="OrderVo">
        select o.oid,ol.olid,o.onum,u.username,o.stime,g.gname,ol.olnum,o.sprice,o.uinfo,u.phone,u.uaddress,o.ispay,o.issend,o.dtime
        from tb_orderlist ol,tb_order o,tb_user u,tb_goods g
        <where>
            o.uid=u.uid
            and ol.oid=o.oid
            and ol.gid=g.gid
            <if test="username!=null and username!=''">and u.username like concat('%',#{username},'%')</if>
            <if test="ispay!=null and ispay!='' and ispay!='所有'">and o.ispay=#{ispay}</if>
        </where>
        order by o.stime desc
    </select>

    <!--查询商品数量-->
    <select id="findCount" resultType="java.lang.Integer">
                SELECT count(oid) FROM tb_order
    </select>

    <select id="findAllByGids" resultType="OrderList">
          select * from tb_orderlist where gid in (${gids})
    </select>
</mapper>