<?xml version="1.0" encoding="UTF-8"?>
<beans xmlns="http://www.springframework.org/schema/beans"
	xmlns:xsi="http://www.w3.org/2001/XMLSchema-instance"
	xmlns:context="http://www.springframework.org/schema/context"
	xmlns:mvc="http://www.springframework.org/schema/mvc"
	xsi:schemaLocation="http://www.springframework.org/schema/beans http://www.springframework.org/schema/beans/spring-beans.xsd
		http://www.springframework.org/schema/context http://www.springframework.org/schema/context/spring-context-4.2.xsd
		http://www.springframework.org/schema/mvc http://www.springframework.org/schema/mvc/spring-mvc-4.2.xsd">
	<!-- 1、写一个扫描包,只能扫描controller -->
    <context:component-scan base-package="com.icss.controller"/>
    
    <!-- 2、mvc注解加载器 -->
    <mvc:annotation-driven>
       <mvc:message-converters>
          <bean class="com.alibaba.fastjson.support.spring.FastJsonHttpMessageConverter"/>
       </mvc:message-converters>
    </mvc:annotation-driven>
    
    <!-- 3、配置视图解析器 -->
    <bean class="org.springframework.web.servlet.view.InternalResourceViewResolver">
       <!-- 前缀 -->
       <property name="prefix" value="/page/"/>
       <!-- 后缀 -->
       <property name="suffix" value=".jsp"/>
    </bean>

    <!--4、配置拦截器-->
    <mvc:interceptors>
        <mvc:interceptor>
            <mvc:mapping path="/**"/>
            <bean class="com.icss.intercepter.LoginIntercepter"/>
        </mvc:interceptor>
    </mvc:interceptors>
</beans>
