<?xml version="1.0" encoding="UTF-8" ?>
<!DOCTYPE mapper
        PUBLIC "-//mybatis.org//DTD Mapper 3.0//EN"
        "http://mybatis.org/dtd/mybatis-3-mapper.dtd">
<mapper namespace="com.icss.dao.GoodsTypeDao">
     <!--删除商品种类-->
     <delete id="deleteGoodsType">
        delete from tb_goods_type
        <where>
           gtid in (${gtids})
        </where>
     </delete>
     <!--添加商品种类-->
       <insert id="addGoodsType" >
           insert into tb_goods_type(gtname)
           values (#{gtname})
       </insert>
     <!-- 查询所有商品种类-->
      <select id="findAllGoodsType" resultType="GoodsType">
          select * from tb_goods_type
      </select>
</mapper>