<?xml version="1.0" encoding="UTF-8" ?>
<!DOCTYPE mapper
        PUBLIC "-//mybatis.org//DTD Mapper 3.0//EN"
        "http://mybatis.org/dtd/mybatis-3-mapper.dtd">
<mapper namespace="com.icss.dao.GoodsDao">
      <!--查询所有商品-->
    <select id="findAllGoods" resultType="GoodsVo">
        select g.gid,g.gname,gt.gtname,g.gfactor,g.gimg,g.ginfo,g.gprice,g.fprice,g.gnum,g.synum,g.gtime
        from tb_goods g
        left join tb_goods_type gt
        on g.gtid=gt.gtid
        <where>
            <if test="gname!=null and gname!=''">and g.gname like concat('%',#{gname},'%')
                or gt.gtname like concat('%',#{gname},'%')
                or g.ginfo like concat('%',#{gname},'%')</if>
        </where>
       </select>

       <!--根据商品种类编号gtid查询商品-->
       <select id="findGoodsByGtid" resultType="goods">
           select * from tb_goods where gtid=#{gtid}
       </select>

    <!--根据商品种类编号gtids查询商品-->
        <select id="findGoodsByGtids" resultType="goods">
               select * from tb_goods where gtid in (${gtids})
        </select>

    <!--查询商品数量-->
            <select id="findCount" resultType="java.lang.Integer">
                SELECT count(gid) FROM tb_goods
            </select>

    <!--根据商品编号找到该商品实现数据回显功能-->
    <select id="findGoodsByGid" resultType="goods">
        select * from tb_goods where gid=#{gid}
    </select>

    <!--添加商品-->
    <insert id="addGoods">
          insert into tb_goods(gname,gtid,gfactor,gimg,ginfo,gprice,fprice,gnum,synum,gtime)
          values(#{gname},#{gtid},#{gfactor},#{gimg},#{ginfo},#{gprice},#{fprice},#{gnum},#{synum},#{gtime})
      </insert>

    <!--删除商品-->
    <delete id="deleteGoods">
        delete from tb_goods
        <where>
            gid in(${gids})
        </where>
    </delete>

    <!--根据商品编号gids查询商品-->
    <select id="findGoodsByGids" resultType="goods">
       select * from tb_goods where gid in (${gids})
    </select>

    <!--修改商品-->
    <update id="updateGoods">
        update tb_goods
        <set>
            gname=#{gname},gtid=#{gtid},gfactor=#{gfactor},ginfo=#{ginfo},gprice=#{gprice},fprice=#{fprice},gnum=#{gnum},synum=#{synum}
        </set>
        <where>
            gid=#{gid}
        </where>
    </update>
</mapper>