<?xml version="1.0" encoding="UTF-8" ?>
<!DOCTYPE mapper
        PUBLIC "-//mybatis.org//DTD Mapper 3.0//EN"
        "http://mybatis.org/dtd/mybatis-3-mapper.dtd">
<mapper namespace="com.icss.dao.UserDao">
    <!--实现注册功能-->
    <insert id="addUser" >
        insert into tb_user values (null,#{username},#{password},#{realname},#{sex},#{address},#{phone},#{uaddress},#{email},#{regtime})
    </insert>

    <delete id="deleteUser">
        delete from tb_user where  uid in (${uids})
    </delete>

    <select id="findUserById" resultType="User">
        select * from tb_user where uid=#{uid}
    </select>

    <select id="findAllUser" resultType="User">
        select *from tb_user
    </select>

    <!--查询用户数量-->
    <select id="findCount" resultType="java.lang.Integer">
                SELECT count(uid) FROM tb_user
            </select>
    <!--登录-->
    <select id="loginUser" resultType="user">
            select *from tb_user where username=#{username} and password=#{password}
    </select>

    <update id="updateUser">
        update tb_user set username=#{username},realname=#{realname},sex=#{sex},address=#{address},phone=#{phone},uaddress=#{uaddress},email=#{email}
        where uid=#{uid}
    </update>
</mapper>